Respondent_ID,Task_1,Task_2,Task_3,Task_4,Task_5,Task_6,Task_7,Task_8,Task_9,Task_10,Task_11,Task_12,Task_13,Task_14,Task_15
1,2,1,3,3,3,1,3,4,4,3,0,1,1,0,2
2,4,3,0,1,1,3,0,4,2,0,2,4,3,0,2
3,0,4,3,0,3,2,1,4,1,2,2,0,1,4,3
4,0,2,3,1,3,1,4,4,1,0,3,2,3,4,2
5,3,1,2,2,1,4,1,3,4,2,3,1,0,4,1
6,2,0,2,2,4,3,1,3,3,3,2,1,4,2,4
7,4,1,1,2,4,4,3,2,0,2,2,0,4,4,3
8,0,3,2,4,0,2,0,1,2,0,2,1,4,1,0
9,0,3,3,0,0,4,2,2,1,0,1,2,2,0,2
10,4,1,2,3,0,2,4,4,4,0,1,4,2,0,3
11,0,3,2,3,0,0,2,4,3,1,0,0,1,4,0
12,4,3,4,4,2,0,4,3,4,3,1,3,1,0,2
13,3,3,2,3,1,1,1,4,2,1,4,2,4,3,0
14,1,1,1,3,2,0,3,3,3,1,3,0,0,4,1
15,4,2,4,0,4,4,0,1,1,1,2,2,2,1,3
16,0,3,2,0,0,3,1,0,1,3,2,4,2,4,3
17,0,0,2,1,4,4,3,1,2,3,1,2,2,1,0
18,3,3,0,4,0,2,4,1,3,4,2,0,1,1,2
19,1,4,0,1,4,3,0,3,2,1,3,3,1,4,0
20,1,2,1,2,4,3,1,1,3,4,1,2,0,3,1
21,4,0,3,3,3,2,1,2,0,3,1,0,3,3,2
22,4,2,3,4,3,3,1,0,0,0,0,2,4,4,1
23,1,2,2,0,2,0,1,2,4,4,3,3,0,0,0
24,0,4,0,4,0,3,2,3,2,3,4,3,1,4,2
25,4,3,0,2,3,2,0,1,4,0,1,2,3,3,1
26,2,2,3,3,0,2,3,4,1,4,3,0,1,2,2
27,4,2,3,2,2,3,2,2,4,2,4,0,3,2,4
28,2,4,3,4,2,1,1,2,2,3,4,3,4,0,2
29,0,2,3,4,4,4,4,2,2,1,1,0,4,1,1
30,1,1,1,0,4,3,4,0,0,1,0,0,3,4,3
31,2,4,0,2,2,2,0,1,3,4,0,1,3,0,1
32,2,2,1,3,1,4,1,3,3,3,0,3,2,3,0
33,1,1,2,2,4,3,0,3,0,2,1,2,2,0,1
34,0,1,4,1,3,1,1,3,4,4,4,0,1,2,2
35,3,2,1,1,0,2,4,3,4,3,1,1,2,0,0
36,3,4,1,0,4,1,4,1,0,2,4,1,1,4,3
37,3,0,4,0,0,0,3,4,2,2,0,3,0,1,3
38,3,1,4,3,1,4,0,4,3,2,0,4,3,3,1
39,4,3,1,2,2,2,1,4,4,0,4,0,0,2,1
40,1,1,2,3,3,3,0,1,2,4,1,0,3,3,1
41,2,4,3,3,0,4,0,1,1,1,2,3,0,3,1
42,2,1,4,1,0,0,0,1,1,0,0,0,2,4,1
43,2,1,0,1,3,0,0,2,1,4,1,3,4,0,4
44,3,2,0,3,1,2,1,4,4,0,4,4,1,0,3
45,3,2,3,3,4,2,3,2,2,4,3,1,2,3,0
46,2,0,2,2,4,2,3,2,3,0,0,2,0,2,1
47,1,0,3,3,2,2,3,4,3,3,4,3,0,4,2
48,3,1,1,4,4,4,3,0,3,3,0,1,4,2,0
49,3,1,0,0,0,2,4,3,1,2,1,4,4,4,4
50,0,3,3,3,4,0,2,0,4,2,2,2,3,0,2
51,2,0,2,2,2,1,1,4,3,1,1,2,3,2,3
52,1,4,2,0,1,3,2,0,0,3,2,2,3,2,4
53,2,0,1,3,1,2,0,4,3,0,2,1,2,3,1
54,2,4,4,0,3,2,3,2,1,1,1,3,3,2,4
55,1,3,0,4,3,0,4,0,4,0,4,2,2,1,3
56,1,4,3,2,4,0,0,1,0,4,4,1,3,4,0
57,3,3,3,2,1,3,2,2,0,2,2,1,2,4,1
58,2,2,3,0,0,4,2,3,0,2,1,2,1,4,0
59,2,0,0,0,0,0,0,0,0,4,2,0,1,0,0
60,3,0,2,2,4,4,0,3,3,1,4,4,3,2,1
61,3,1,1,3,4,2,3,4,2,1,3,1,2,3,2
62,1,0,2,0,3,0,4,0,2,1,3,4,3,1,3
63,0,4,0,1,0,0,1,0,3,0,3,2,4,2,0
64,2,3,4,0,1,2,0,1,1,3,4,0,0,1,3
65,1,0,1,3,2,4,3,2,1,0,2,0,2,1,0
66,0,1,2,0,3,0,1,3,3,3,3,0,1,3,1
67,4,3,3,3,1,4,3,1,4,2,2,4,1,3,4
68,4,4,2,2,4,3,0,1,1,1,0,1,4,3,0
69,1,3,2,3,4,0,2,0,0,0,3,0,4,4,4
70,4,1,2,2,1,0,2,3,3,2,3,3,4,1,2
71,3,4,3,2,4,4,2,2,3,1,2,0,4,0,3
72,3,3,4,1,3,1,3,0,2,3,1,3,4,0,0
73,2,3,3,4,3,4,0,3,0,1,3,1,3,1,3
74,3,3,2,0,1,4,1,3,2,2,0,4,4,3,1
75,0,0,0,4,2,4,3,3,4,1,4,0,1,3,3
76,1,1,1,0,3,0,1,3,4,3,0,4,0,1,2
77,1,2,3,0,3,0,0,3,4,1,2,1,4,1,1
78,0,0,1,4,3,1,4,0,4,3,2,4,0,3,0
79,0,0,1,3,1,0,2,1,4,1,0,1,0,3,2
80,2,3,0,0,0,2,4,4,4,0,1,3,4,4,2
81,1,3,4,4,4,0,3,0,0,2,1,2,2,0,1
82,4,4,0,3,0,1,0,0,0,4,3,1,0,0,1
83,0,0,3,4,4,0,0,4,3,1,0,0,3,2,2
84,4,3,0,1,4,3,1,1,0,4,3,3,3,2,3
85,3,4,4,0,0,0,3,1,3,3,0,0,1,0,0
86,3,1,3,2,4,1,2,1,0,1,0,2,0,1,3
87,3,4,3,1,2,0,2,2,3,1,2,3,3,1,0
88,0,4,3,1,4,2,1,0,1,0,4,3,4,3,1
89,3,0,1,0,2,3,2,0,1,4,0,2,4,2,4
90,4,4,3,3,3,1,0,2,3,4,2,2,3,2,1
91,1,2,2,0,4,3,2,0,4,4,3,0,3,0,0
92,4,2,2,3,4,2,1,2,4,3,0,1,1,2,2
93,0,1,1,4,0,0,1,0,0,3,4,0,0,4,0
94,3,0,1,2,4,2,1,1,3,3,4,2,2,1,0
95,4,1,0,1,3,0,4,4,0,2,2,1,0,1,4
96,2,0,4,2,2,3,2,4,4,3,2,3,4,2,2
97,2,3,4,3,4,2,4,4,1,3,2,1,1,0,3
98,2,3,0,1,2,2,0,1,2,2,0,3,1,0,3
99,0,0,0,3,3,0,4,3,4,2,3,2,2,0,3
100,0,3,3,4,0,3,2,4,0,4,3,1,0,1,1
101,4,3,3,0,1,0,1,2,1,2,4,1,1,3,4
102,4,1,1,0,0,1,1,1,2,3,4,3,0,3,0
103,1,3,0,0,0,4,4,1,3,0,4,3,0,3,2
104,4,1,3,4,2,2,3,0,4,1,0,1,1,2,4
105,1,0,1,2,4,0,3,2,1,4,1,4,2,1,1
106,4,1,4,0,2,4,0,1,2,1,4,3,1,2,2
107,3,2,4,4,3,4,4,2,2,4,1,2,2,3,3
108,1,2,4,1,3,4,0,0,4,4,3,4,0,0,3
109,4,3,1,1,0,3,0,1,2,0,4,2,2,0,1
110,0,3,1,2,3,1,0,1,3,1,3,1,1,4,2
111,2,4,1,0,1,0,4,2,1,1,2,3,1,0,0
112,2,0,3,3,1,0,3,3,3,2,4,4,4,0,3
113,3,2,2,1,2,4,0,2,1,2,3,2,2,0,3
114,1,3,2,3,2,4,4,2,4,1,2,0,0,2,2
115,1,3,2,3,2,1,4,0,3,3,4,3,0,4,2
116,3,4,4,3,3,2,0,1,2,3,4,1,3,1,4
117,4,2,0,1,2,3,3,0,0,1,3,3,0,4,1
118,3,3,0,2,2,1,0,4,0,2,1,2,2,1,1
119,3,0,4,4,2,2,3,2,1,0,0,1,2,3,3
120,2,4,0,4,2,2,0,3,1,1,2,4,4,2,1
121,4,2,3,1,3,4,0,1,1,3,3,2,0,4,3
122,1,4,1,3,2,1,0,2,3,0,4,0,4,1,4
123,0,2,2,3,4,1,0,1,2,1,1,0,0,3,4
124,4,1,4,2,3,3,4,3,2,2,4,2,0,0,1
125,1,2,3,4,2,0,2,3,1,0,1,2,3,2,1
126,2,1,0,1,1,3,2,1,2,4,0,1,1,0,2
127,1,1,2,1,3,4,3,0,4,2,1,3,0,1,0
128,0,0,1,1,0,1,4,0,2,1,2,4,2,3,0
129,2,0,0,4,0,3,1,2,1,4,1,4,1,2,4
130,4,0,4,4,3,1,0,1,1,1,2,2,1,0,1
131,1,4,2,1,4,2,4,0,4,1,2,2,2,4,2
132,0,3,2,0,2,4,4,0,1,4,1,2,1,1,3
133,0,4,2,3,1,0,1,1,0,0,4,2,4,3,2
134,0,0,3,4,1,3,2,4,2,0,3,0,0,4,1
135,0,1,2,3,4,0,0,4,3,1,2,0,4,2,1
136,2,3,0,0,1,2,1,4,3,3,3,3,2,0,2
137,0,0,2,0,2,4,4,4,3,4,4,2,2,3,4
138,2,0,1,2,3,3,1,0,4,0,4,1,1,4,2
139,1,1,0,1,3,2,2,2,3,3,4,4,4,4,0
140,2,4,4,0,4,1,3,2,4,4,3,2,3,0,4
141,1,3,0,4,2,3,2,1,1,1,3,3,1,0,1
142,2,3,1,0,4,0,3,2,2,1,2,3,0,0,3
143,3,1,0,3,0,1,0,3,0,2,0,4,4,0,3
144,4,2,3,1,1,2,0,3,2,2,2,4,3,4,2
145,2,4,4,0,3,4,1,1,1,4,2,2,3,2,1
146,4,2,4,0,2,1,2,0,1,3,2,1,0,3,0
147,1,1,0,4,3,3,0,2,2,0,0,3,2,3,2
148,4,4,3,1,1,3,3,2,2,3,4,1,1,0,0
149,3,2,4,2,3,3,2,0,1,4,0,4,0,1,4
150,4,1,1,1,1,1,0,1,1,3,1,1,0,2,4
151,3,2,4,0,3,1,4,2,2,4,2,0,2,0,4
152,0,0,1,0,3,3,2,3,0,3,0,2,0,4,2
153,3,1,0,2,0,4,3,3,0,1,4,3,1,1,4
154,4,2,3,0,4,4,2,2,4,2,0,4,4,4,3
155,0,4,2,0,3,3,0,0,4,4,1,0,1,4,4
156,1,1,3,1,2,4,3,2,3,3,4,2,4,4,2
157,2,3,2,1,3,4,1,4,1,2,3,3,1,4,1
158,0,4,3,2,2,1,3,3,3,3,3,0,4,2,2
159,4,4,0,1,3,2,2,4,4,2,1,4,2,0,2
160,3,3,4,0,2,2,4,2,2,4,2,4,4,3,0
161,2,1,3,2,3,4,3,2,0,1,4,1,2,1,2
162,2,1,1,2,4,3,2,4,2,3,4,2,3,1,0
163,3,1,1,4,0,3,0,2,0,0,0,0,1,0,1
164,1,3,1,0,3,2,3,3,2,2,2,4,3,4,0
165,1,2,3,3,4,3,0,0,3,4,1,3,0,3,0
166,0,1,1,4,4,3,4,3,4,0,3,3,4,2,3
167,1,3,0,0,0,3,0,2,0,4,1,3,4,2,3
168,3,3,2,4,0,4,2,4,3,0,2,4,2,2,3
169,0,0,4,2,3,2,0,4,2,1,2,3,3,4,4
170,3,4,2,2,4,4,1,1,3,4,3,3,4,4,2
171,3,4,3,2,3,1,0,1,1,2,4,0,1,4,3
172,1,4,0,2,1,0,4,1,2,4,2,4,4,3,3
173,4,2,2,4,3,3,2,3,0,0,2,4,0,0,1
174,4,1,4,3,3,1,0,3,0,4,0,3,1,4,0
175,4,4,1,2,0,4,2,4,3,4,0,1,0,4,2
176,2,4,4,3,3,2,3,3,3,2,3,1,2,0,0
177,2,2,4,1,0,0,1,3,2,1,0,3,2,2,2
178,1,2,0,1,2,0,0,3,2,3,0,0,4,0,0
179,3,0,0,3,0,2,3,0,0,3,0,0,4,3,3
180,3,4,2,2,4,1,4,2,4,3,0,1,2,1,2
181,4,2,1,2,3,0,0,1,4,4,0,2,1,2,2
182,3,1,1,0,3,0,0,1,0,0,0,3,3,1,0
183,0,1,0,2,4,3,2,3,2,3,1,1,1,1,1
184,1,3,2,4,2,3,1,4,2,4,3,2,0,0,2
185,0,0,1,4,1,0,1,3,1,0,4,3,4,2,0
186,2,2,0,0,0,0,0,4,4,2,2,0,3,1,3
187,2,3,1,0,4,3,3,1,3,1,4,1,0,1,0
188,2,2,0,3,4,2,1,3,2,4,1,0,2,3,1
189,1,0,1,0,3,2,1,2,2,0,1,4,0,2,1
190,0,3,1,0,4,1,4,3,4,2,4,0,2,4,0
191,4,4,2,2,1,2,3,4,2,1,4,4,2,2,2
192,3,2,4,1,2,4,2,1,4,3,2,1,0,3,2
193,4,0,3,1,0,0,0,0,1,1,4,1,4,3,4
194,1,4,4,2,1,3,0,0,2,1,0,4,2,3,4
195,0,2,0,2,3,0,4,4,1,0,3,3,4,2,1
196,0,0,0,2,0,3,0,1,4,0,1,1,4,1,3
197,1,0,0,0,2,0,3,3,2,2,0,1,3,2,1
198,0,2,1,2,2,3,4,2,2,2,4,0,2,2,4
199,0,4,4,1,2,2,2,1,4,2,3,2,0,1,3
200,3,4,0,2,2,3,2,3,4,0,0,1,2,0,0
201,3,4,1,3,1,0,0,1,0,0,0,3,2,3,3
202,2,2,1,1,2,4,4,1,2,1,2,4,3,1,0
203,3,4,0,4,0,2,3,0,4,2,3,0,4,3,1
204,1,4,0,2,2,3,4,0,4,1,3,0,3,4,1
205,3,2,3,1,1,0,2,4,4,1,4,3,2,1,2
206,3,4,4,2,4,2,4,1,2,4,2,0,0,4,1
207,1,0,4,0,4,4,3,1,4,0,3,2,3,3,4
208,2,3,0,4,0,0,2,1,4,1,2,0,1,3,1
209,1,3,1,3,0,2,3,4,4,3,0,4,4,3,1
210,4,0,2,2,0,0,1,0,2,0,1,2,3,2,1
211,3,1,3,0,1,3,4,2,0,0,1,0,4,1,0
212,4,3,4,4,2,2,1,2,2,4,3,3,3,3,4
213,3,3,0,0,1,4,4,4,1,2,3,4,3,3,0
214,0,4,4,4,3,0,3,1,1,3,4,2,4,4,4
215,0,1,4,3,3,1,4,1,3,3,4,1,4,0,1
216,4,4,4,1,0,0,0,0,4,4,3,1,2,3,0
217,0,1,2,2,1,0,2,3,2,1,3,1,0,0,4
218,3,0,1,3,2,0,2,4,3,3,2,1,2,1,2
219,0,4,0,4,4,1,1,0,2,1,0,4,1,4,4
220,1,4,3,3,2,0,2,2,2,1,0,1,0,1,0
221,2,3,3,2,3,3,4,1,3,0,4,4,1,2,0
222,2,1,2,4,2,3,4,4,1,2,3,0,1,0,0
223,1,3,1,3,0,0,4,0,0,3,1,1,0,3,2
224,0,3,0,4,2,4,0,1,1,3,0,2,4,1,4
225,2,0,3,0,3,0,0,1,4,1,4,1,4,0,0
226,1,0,0,1,2,0,2,3,4,3,3,1,4,3,3
227,1,0,1,4,1,4,4,4,3,4,2,2,0,4,3
228,0,3,2,2,0,3,1,0,3,2,4,1,4,4,2
229,0,2,1,2,2,0,2,2,1,2,4,3,0,0,1
230,1,3,0,0,1,0,2,1,3,3,4,0,3,1,3
231,0,4,4,1,4,3,1,3,2,0,4,4,2,4,3
232,3,2,1,2,1,3,1,4,1,4,2,4,2,2,4
233,0,0,3,1,0,4,4,0,4,2,1,4,0,2,1
234,0,2,3,2,1,1,0,3,1,0,0,3,4,0,1
235,2,2,2,1,0,4,2,4,3,3,2,4,2,4,1
236,1,3,2,1,4,4,4,0,0,3,3,1,4,3,0
237,3,0,0,1,2,2,3,0,3,0,3,0,3,0,4
238,4,4,3,4,3,2,3,3,4,2,2,4,1,4,2
239,1,4,1,2,1,0,0,0,1,4,0,2,0,1,4
240,3,1,4,3,0,4,2,0,1,4,4,4,3,2,1
241,4,4,2,4,2,3,4,2,4,1,4,0,1,0,1
242,1,0,4,1,4,2,0,1,3,0,0,1,0,1,0
243,3,0,0,4,2,2,2,2,3,2,3,0,1,3,3
244,1,1,4,3,0,1,1,1,2,4,3,3,2,0,2
245,3,2,1,1,1,3,1,1,1,2,0,1,4,4,3
246,0,3,3,2,2,1,1,3,2,3,0,2,3,0,3
247,2,3,0,4,0,2,2,0,4,1,3,3,2,1,0
248,3,1,2,1,0,3,1,1,4,3,4,0,3,2,3
249,0,4,0,3,3,3,3,1,4,1,2,4,4,4,3
250,2,0,2,1,2,1,0,2,4,0,3,2,3,1,4
251,2,2,2,0,2,4,1,4,0,3,3,4,2,4,0
252,2,3,4,0,3,0,1,4,3,4,1,4,4,4,0
253,3,1,0,2,1,4,1,4,0,1,2,0,0,1,4
254,0,3,3,0,0,1,3,4,4,0,4,3,1,4,0
255,0,0,0,3,4,2,2,4,4,2,4,4,1,4,3
256,4,0,4,4,2,0,1,2,1,4,0,0,1,0,1
257,3,0,3,1,4,2,4,2,4,1,0,2,0,1,1
258,0,2,4,3,2,1,0,3,2,1,2,0,1,4,3
259,4,3,4,2,3,1,2,0,1,2,0,0,4,1,4
260,1,1,3,2,1,1,4,1,2,3,1,4,0,0,4
261,0,4,0,1,1,4,0,4,2,2,0,3,4,0,4
262,1,3,1,3,1,2,2,4,4,3,3,4,1,3,3
263,4,4,2,3,0,1,0,1,2,4,4,4,1,4,1
264,4,1,3,0,2,0,2,0,4,1,1,2,2,2,2
265,1,0,3,0,4,1,3,2,2,2,4,3,3,4,0
266,1,2,2,0,2,2,4,0,4,0,3,1,0,1,4
267,1,3,1,0,3,0,0,3,4,4,2,4,1,1,2
268,0,2,1,2,3,0,3,1,2,4,2,0,2,3,2
269,2,0,2,3,1,1,2,2,2,4,0,3,2,2,0
270,3,1,1,4,2,4,1,4,1,3,2,4,1,2,1
271,3,2,4,1,4,1,1,1,0,1,0,3,2,2,0
272,3,4,3,2,4,1,3,4,4,1,3,3,1,0,1
273,4,0,3,2,4,2,4,0,2,1,2,2,0,0,0
274,2,3,2,2,3,2,4,2,2,0,0,1,4,1,3
275,0,0,3,3,3,3,4,4,2,1,4,0,3,1,4
276,0,4,0,2,2,2,2,0,2,0,3,0,4,3,4
277,1,2,2,2,2,4,4,1,2,0,2,3,2,1,3
278,1,4,3,0,2,4,0,3,0,1,3,0,1,2,1
279,2,3,1,4,1,1,2,0,0,4,0,1,0,1,0
280,1,0,1,2,0,4,4,2,4,2,1,0,1,3,1
281,0,1,3,0,2,3,3,1,3,2,4,3,1,4,1
282,3,4,3,3,2,4,3,4,1,2,4,1,0,1,1
283,1,1,0,4,1,3,0,3,2,2,4,3,0,4,0
284,1,0,2,2,4,2,3,0,2,0,4,1,2,1,1
285,3,2,2,0,4,3,0,1,4,0,4,0,3,1,0
286,1,4,4,3,1,1,0,0,0,2,4,1,0,2,1
287,4,4,1,4,4,3,0,4,2,2,4,4,0,4,4
288,4,4,0,4,2,0,1,0,2,4,3,1,1,2,2
289,0,0,1,1,1,1,4,1,1,3,2,4,0,0,0
290,0,1,3,3,3,1,1,3,3,0,1,2,4,1,0
291,1,4,1,3,0,0,3,4,3,4,2,3,1,0,4
292,0,1,0,1,3,3,3,3,2,2,2,2,1,4,3
293,2,4,2,4,2,0,4,4,0,1,1,3,0,1,2
294,2,0,4,2,1,0,1,4,2,3,4,0,1,3,2
295,2,2,1,3,3,2,2,4,2,4,1,3,1,2,0
296,3,3,1,0,1,2,0,3,2,2,0,3,3,2,0
297,4,1,1,0,2,4,2,0,2,1,1,2,2,4,2
298,2,0,2,4,1,4,0,3,4,0,3,2,3,0,0
299,4,4,0,2,4,4,1,3,2,0,1,1,2,0,2
300,0,2,0,0,3,1,0,1,4,1,2,2,3,2,0
301,0,3,1,3,0,3,3,0,1,0,1,2,0,3,3
302,3,1,2,3,0,4,0,1,4,4,0,4,4,0,1
303,3,0,3,0,4,4,3,0,1,3,0,1,3,4,1
304,0,0,0,2,2,4,3,3,1,4,1,3,4,0,4
305,4,0,4,2,4,2,2,1,0,2,0,2,4,2,4
306,4,2,4,3,4,1,1,4,3,2,3,2,4,1,0
307,1,4,0,1,4,4,1,3,2,0,0,3,4,0,4
308,1,1,0,4,4,1,3,1,4,0,3,0,4,3,0
309,0,4,3,4,4,2,0,1,3,1,2,4,2,3,3
310,2,0,3,3,2,2,0,2,2,0,4,1,1,0,2
311,2,2,3,0,3,4,2,4,1,2,0,3,4,2,0
312,4,4,4,0,4,1,0,4,4,0,1,1,2,0,0
313,1,4,2,1,2,2,3,1,2,4,2,4,2,2,0
314,4,0,0,3,1,3,1,2,3,4,2,0,4,0,2
315,4,2,1,2,0,4,1,4,4,0,0,2,4,2,0
316,2,2,1,0,0,1,4,1,3,1,0,1,4,0,4
317,2,3,3,2,1,4,4,2,4,4,4,1,2,1,0
318,1,0,1,0,3,1,3,4,1,2,3,0,1,4,4
319,3,3,2,2,3,4,4,2,1,3,1,2,4,4,1
320,2,0,2,4,4,4,0,0,0,0,4,0,2,2,0
321,4,3,3,4,4,3,1,4,3,0,4,0,1,3,2
322,3,1,0,2,4,1,3,4,0,3,4,4,0,0,1
323,0,4,2,3,0,0,4,4,4,1,4,2,0,2,4
324,2,3,1,3,3,0,2,1,2,1,2,1,0,4,0
325,2,2,2,2,1,3,4,1,3,4,0,0,4,0,2
326,2,2,3,1,4,4,1,1,0,4,4,3,3,4,4
327,2,1,3,4,0,3,0,0,0,3,1,4,0,3,4
328,2,4,3,0,4,0,0,4,2,2,0,2,2,0,4
329,1,0,1,1,4,1,2,0,2,2,0,3,0,0,4
330,1,4,1,4,4,1,3,4,3,1,2,3,0,1,2
331,3,1,4,0,1,3,1,0,0,2,3,2,3,4,4
332,4,3,3,1,1,3,4,3,3,4,0,0,1,4,4
333,3,2,1,3,1,2,3,1,4,0,0,2,3,3,1
334,3,4,0,4,1,1,4,2,1,1,1,0,1,0,1
335,0,3,2,1,2,1,2,2,3,1,1,2,3,3,3
336,2,3,4,1,2,4,3,4,1,2,2,1,2,4,0
337,0,1,3,3,4,1,3,0,3,1,1,4,1,4,3
338,3,1,2,3,1,1,0,1,4,3,1,1,0,2,2
339,0,4,2,3,0,4,2,1,1,3,4,1,3,3,2
340,2,1,4,1,1,2,4,0,2,2,2,4,4,3,4
341,0,1,0,0,1,2,1,4,3,0,2,0,4,1,4
342,3,4,0,3,2,0,2,0,3,3,4,0,3,1,0
343,2,2,3,1,2,2,3,0,0,3,1,4,0,0,0
344,3,2,1,3,1,2,1,1,1,0,2,4,0,2,4
345,2,0,0,4,4,0,0,2,3,1,2,0,0,0,2
346,3,3,4,3,0,0,0,0,4,4,2,2,2,1,0
347,1,1,1,0,2,4,4,0,1,2,3,2,4,1,1
348,2,4,1,0,1,4,2,4,1,3,3,3,3,3,3
349,1,0,3,0,2,1,0,4,3,2,2,4,0,4,4
350,2,2,4,0,0,0,1,1,0,2,0,2,2,4,2
351,4,3,0,0,1,0,4,3,2,4,2,1,2,3,3
352,1,1,1,2,1,0,1,0,1,0,1,3,0,4,2
353,1,3,2,1,3,4,2,0,2,4,4,4,1,1,2
354,2,0,3,4,2,3,0,1,2,4,3,1,0,2,1
355,3,4,4,4,1,2,4,0,4,1,0,4,4,2,0
356,1,3,1,0,4,3,2,1,3,1,0,1,1,4,3
357,0,2,3,3,3,4,2,0,3,4,4,4,2,2,1
358,2,1,4,2,1,0,1,3,4,4,2,0,0,1,4
359,3,4,2,2,3,2,1,0,4,4,3,3,3,3,1
360,1,4,1,2,2,3,0,3,1,2,0,2,4,3,3
361,2,3,4,1,1,3,4,1,0,2,2,2,0,0,0
362,0,0,4,0,4,2,1,0,1,3,4,2,0,0,0
363,2,1,0,2,3,1,3,4,0,2,2,4,2,3,4
364,1,1,0,1,1,4,1,4,2,1,4,1,4,2,2
365,1,2,1,0,0,3,0,4,2,1,1,1,4,4,4
366,0,0,3,4,4,4,1,2,2,3,4,1,1,4,2
367,3,3,1,3,0,0,4,3,0,4,1,3,2,4,3
368,3,2,0,3,4,4,2,3,4,2,1,1,1,1,3
369,1,1,4,3,0,0,3,2,0,2,3,1,4,0,1
370,0,2,0,2,2,2,3,0,3,1,0,4,0,4,2
371,0,3,4,3,4,4,3,3,0,4,4,3,4,3,3
372,1,4,3,1,3,0,3,3,1,0,0,1,0,1,0
373,3,2,0,0,0,4,2,1,4,4,3,1,3,4,4
374,1,2,2,3,0,4,1,3,3,2,4,1,0,3,1
375,3,2,3,2,3,4,4,0,2,1,0,1,4,1,4
376,0,0,3,3,0,0,3,4,1,3,0,4,1,4,0
377,4,2,3,3,0,4,2,2,2,1,0,3,4,3,0
378,2,0,2,3,0,4,1,2,3,4,0,3,4,0,3
379,1,1,3,2,0,4,3,1,0,2,0,0,0,4,2
380,2,1,4,2,3,3,3,4,3,3,2,0,1,4,2
381,4,4,4,3,2,0,2,2,4,0,0,0,2,4,4
382,3,0,0,4,2,1,0,0,1,2,2,2,4,0,4
383,0,0,4,0,3,4,3,4,2,4,1,0,4,2,3
384,3,1,4,2,2,4,2,1,1,1,2,0,2,0,0
385,4,0,0,4,3,0,0,4,4,0,0,3,1,4,3
386,2,0,4,2,2,4,0,4,3,1,3,2,0,0,2
387,4,1,3,1,1,2,4,3,2,0,0,4,0,2,3
388,4,2,3,0,1,4,3,3,2,4,1,1,2,3,0
389,1,4,4,3,0,4,1,0,0,3,2,2,4,1,1
390,4,2,1,3,3,2,3,3,3,3,0,0,3,3,3
391,0,4,1,2,2,4,3,0,1,4,2,0,4,4,4
392,4,1,4,4,2,4,4,0,1,1,2,2,1,2,1
393,1,3,2,3,4,0,4,3,0,2,4,4,3,0,3
394,0,4,4,1,3,3,2,1,1,2,2,2,4,0,1
395,4,0,1,2,0,3,2,4,3,3,1,1,4,4,1
396,0,3,1,2,1,1,1,2,0,0,0,1,2,2,2
397,4,2,4,2,0,2,1,1,2,4,2,1,2,1,2
398,4,0,2,2,3,1,0,2,2,2,1,3,1,4,2
399,2,0,1,0,4,4,0,0,1,2,0,0,0,0,1
400,0,2,0,1,4,4,2,2,3,1,3,2,1,3,1
401,0,3,3,1,4,3,1,4,2,3,0,0,0,4,3
402,0,1,1,3,2,2,4,2,4,3,0,1,3,3,1
403,3,0,2,1,3,3,0,4,4,0,1,0,0,1,3
404,2,4,3,2,0,0,0,4,3,3,4,0,1,4,3
405,2,2,3,0,1,3,0,4,0,3,4,2,0,2,1
406,1,4,2,4,3,0,4,1,4,1,1,0,3,1,3
407,3,1,1,3,3,4,4,1,1,2,4,2,3,3,0
408,3,3,0,2,1,0,0,3,4,4,0,1,2,3,4
409,1,2,1,0,1,1,4,1,0,3,3,1,4,1,0
410,4,4,2,0,3,1,2,1,0,2,0,3,1,1,4
411,2,3,4,3,2,4,1,2,4,1,1,3,3,3,2
412,3,1,1,0,0,1,4,2,3,3,1,1,3,3,2
413,2,0,1,1,0,2,2,1,4,3,4,4,0,1,2
414,4,1,0,3,3,2,3,2,3,2,2,2,3,4,2
415,1,4,2,3,4,2,2,4,4,3,4,1,3,0,3
416,0,2,1,3,4,2,1,3,0,3,0,3,0,3,4
417,2,1,3,0,0,3,1,4,1,0,0,1,1,2,1
418,1,2,1,0,3,4,0,2,1,2,3,3,0,1,1
419,0,0,3,2,2,3,3,3,2,4,1,0,0,2,3
420,0,0,4,3,4,0,1,4,4,2,2,4,3,1,0
421,2,3,2,3,1,3,0,1,1,4,1,3,3,0,0
422,0,2,4,3,0,4,4,0,0,0,2,3,1,2,0
423,3,0,4,1,0,4,3,4,4,0,4,2,2,3,4
424,2,3,2,0,4,2,4,3,1,4,2,3,4,2,2
425,4,1,0,2,2,3,1,3,4,0,2,4,4,2,4
426,0,1,2,0,4,2,1,4,0,1,2,2,4,4,0
427,1,2,2,0,4,4,0,2,4,1,4,3,0,1,3
428,0,1,2,3,0,2,3,3,2,1,2,4,3,3,2
429,1,1,0,2,1,3,2,0,3,0,0,4,0,3,2
430,0,3,4,4,4,2,1,2,0,4,0,3,0,2,1
431,4,3,4,0,4,0,4,0,0,3,3,3,0,1,4
432,4,0,2,1,1,1,4,2,4,4,4,0,0,0,0
433,4,4,1,4,2,2,3,4,1,4,2,2,0,0,3
434,2,2,1,2,0,4,2,3,2,3,0,1,1,1,4
435,2,3,2,1,3,2,1,1,1,2,2,4,2,0,0
436,1,1,2,0,0,4,0,1,2,2,4,2,0,1,1
437,4,2,0,3,4,1,1,1,1,4,0,1,0,1,1
438,0,4,4,1,1,1,1,1,2,0,1,1,0,1,2
439,0,4,3,4,3,3,1,0,2,0,3,1,0,1,2
440,0,3,2,1,4,2,0,2,4,3,2,1,2,3,0
441,1,4,0,4,1,1,4,2,0,0,2,2,2,2,0
442,0,1,2,0,1,4,2,1,4,2,2,1,0,4,3
443,2,1,1,3,4,4,1,0,1,4,4,2,0,1,4
444,4,2,4,1,4,0,0,4,3,0,4,3,1,0,4
445,4,3,2,3,2,0,1,1,3,2,0,0,2,3,1
446,1,0,2,2,2,3,4,2,3,0,1,0,1,0,1
447,1,3,4,4,0,2,3,4,3,4,1,2,2,1,3
448,1,0,3,3,0,2,2,2,4,1,3,2,0,3,2
449,1,2,0,1,4,3,2,2,2,2,1,3,3,0,0
450,1,4,0,0,4,2,4,0,2,1,4,4,1,0,3
451,2,2,2,2,0,3,1,3,2,2,2,0,4,2,0
452,2,2,3,2,3,1,1,2,3,4,1,1,2,0,1
453,3,1,2,4,0,1,4,0,2,4,1,1,4,3,4
454,3,2,0,1,2,0,4,3,3,1,2,0,2,0,4
455,0,1,1,4,0,0,4,4,4,4,0,0,2,0,1
456,3,4,2,2,1,3,4,3,1,0,0,3,1,0,3
457,0,3,3,2,1,2,2,2,4,3,3,2,3,4,1
458,4,0,0,0,1,4,1,2,2,4,1,2,4,3,2
459,3,0,0,4,1,1,3,1,0,0,2,1,3,4,1
460,4,3,2,3,3,0,0,1,4,3,3,3,3,3,1
461,3,1,3,2,2,3,1,4,4,2,4,3,3,3,1
462,0,2,3,1,1,4,2,1,2,3,4,2,0,1,4
463,4,2,1,4,1,0,3,0,3,3,3,3,2,1,1
464,3,1,3,2,3,4,0,0,2,0,3,0,3,3,4
465,0,2,4,3,1,4,0,4,3,0,2,2,3,1,4
466,1,3,4,2,1,4,4,3,1,1,1,4,4,1,2
467,1,2,0,1,2,1,0,4,4,0,2,3,4,2,0
468,4,1,3,0,2,0,3,0,0,2,3,0,4,0,0
469,1,3,3,3,3,2,2,2,3,1,0,2,3,0,0
470,1,0,3,0,2,1,4,4,1,0,1,1,2,3,2
471,0,0,0,1,0,1,2,2,1,0,4,1,3,3,4
472,2,0,4,0,0,0,1,4,2,1,0,0,1,1,1
473,2,0,1,4,3,3,0,2,4,0,2,4,2,4,4
474,0,3,2,4,2,0,4,1,1,4,0,3,3,4,4
475,1,4,2,3,0,4,3,2,4,1,2,0,2,0,3
476,0,0,0,1,1,2,2,1,3,2,4,1,2,0,2
477,1,1,1,4,2,3,4,0,2,4,4,0,4,4,0
478,2,3,3,0,0,3,3,3,3,0,3,1,1,1,1
479,3,2,0,1,1,0,1,4,0,3,1,3,1,4,1
480,4,4,3,4,0,3,4,1,0,0,3,2,0,0,0
481,2,4,2,0,4,3,3,4,1,4,2,4,3,4,0
482,4,3,0,3,3,0,0,3,4,3,3,4,0,0,4
483,1,2,1,2,2,2,4,3,0,3,4,1,4,3,1
484,4,1,0,4,2,3,0,3,3,4,3,1,1,0,1
485,3,4,2,0,0,0,1,1,4,4,2,3,4,3,3
486,1,2,4,2,1,0,4,4,3,2,0,3,2,4,0
487,0,4,1,0,1,0,2,0,3,1,0,3,3,2,3
488,0,2,3,3,3,1,3,1,2,0,1,2,3,0,1
489,2,3,3,1,2,2,4,2,2,4,2,1,1,2,0
490,2,2,2,2,1,0,1,0,3,0,3,3,1,3,3
491,2,0,1,2,3,4,4,4,4,1,3,0,1,1,1
492,3,2,0,1,2,3,1,0,1,4,2,4,0,4,2
493,3,2,4,4,4,3,3,3,1,4,1,0,3,4,3
494,2,2,4,2,2,0,2,4,1,0,4,4,3,4,3
495,0,4,1,1,3,2,1,3,3,2,1,2,1,2,0
496,1,2,0,0,0,4,4,0,4,1,1,0,0,3,4
497,4,0,1,1,1,0,4,0,2,0,0,2,2,2,1
498,2,1,4,3,4,4,4,4,4,4,3,3,1,1,4
499,4,4,0,4,2,4,3,3,2,1,2,2,2,4,3
500,0,3,3,1,0,0,4,1,3,1,3,2,1,3,0
501,0,2,3,3,4,1,0,0,0,3,3,0,0,0,0
502,2,1,1,3,1,2,0,4,4,4,0,0,0,3,4
503,0,1,1,4,2,1,2,1,1,3,1,1,2,1,3
504,3,3,4,0,0,2,0,1,4,3,0,4,1,2,2
505,4,3,1,2,2,0,1,2,2,4,0,1,1,2,3
506,3,2,3,0,1,0,4,3,1,1,1,0,4,2,4
507,3,3,4,3,1,1,4,3,2,3,0,0,3,0,4
508,1,3,4,1,3,4,0,1,3,0,4,2,2,4,4
509,0,3,2,4,0,4,2,3,3,2,0,0,4,4,1
510,3,1,4,4,2,2,1,4,4,1,1,2,1,4,1
511,1,2,4,2,0,4,4,0,3,2,1,0,4,0,1
512,0,3,3,2,0,2,2,1,0,1,2,4,2,4,0
513,1,2,0,0,3,2,3,2,2,0,4,2,0,0,2
514,3,2,3,2,1,1,2,1,1,2,2,1,2,1,3
515,0,0,0,3,0,3,4,1,4,4,0,3,2,3,1
516,3,4,2,3,2,1,1,4,4,4,3,0,2,2,1
517,0,3,2,0,2,3,2,4,2,3,3,1,2,1,0
518,3,4,1,1,1,1,0,0,0,0,3,2,1,2,3
519,1,3,0,1,0,2,4,3,1,4,2,4,3,0,2
520,4,4,1,1,1,0,4,1,1,1,1,0,1,2,4
521,1,0,0,2,0,4,2,1,2,2,4,4,1,3,4
522,3,3,4,2,3,1,1,1,1,2,1,0,1,1,1
523,2,0,3,4,0,0,3,0,4,4,0,2,0,4,0
524,2,0,0,1,2,2,0,0,3,2,0,4,4,1,4
525,0,2,2,2,2,3,3,3,4,3,4,4,1,4,0
526,1,1,1,3,4,4,4,2,1,4,0,2,4,0,2
527,0,4,1,4,1,0,0,4,1,1,4,4,0,0,2
528,0,0,2,2,2,3,0,1,0,0,2,0,4,4,4
529,4,0,4,2,1,0,4,3,0,0,0,0,2,1,1
530,1,2,4,0,3,4,2,2,2,4,3,3,3,2,4
531,4,1,4,2,0,2,0,2,3,3,2,0,3,3,2
532,3,4,2,4,2,3,1,4,3,2,4,1,4,0,3
533,1,4,3,2,1,2,4,0,1,1,3,0,2,3,1
534,2,0,1,0,3,4,0,4,4,2,3,2,4,4,4
535,1,0,2,4,0,1,4,0,2,1,1,0,0,3,3
536,0,3,0,2,0,1,0,4,2,3,3,0,0,1,2
537,1,4,1,2,0,4,3,3,0,2,2,1,0,0,2
538,2,0,0,1,0,0,0,0,4,4,2,3,1,0,3
539,2,4,2,4,4,4,4,4,1,1,1,1,3,4,0
540,2,1,2,3,4,3,1,3,4,2,2,0,4,3,0
541,3,0,1,2,2,0,1,4,1,3,2,1,2,3,0
542,4,4,0,4,0,3,3,0,0,3,0,1,3,0,0
543,0,3,2,1,3,4,3,1,1,3,2,1,1,1,3
544,0,4,3,2,0,4,2,4,2,0,0,1,4,4,1
545,4,2,3,4,0,3,1,0,2,2,4,4,4,4,2
546,2,0,4,3,3,2,0,3,1,1,3,1,1,1,3
547,0,2,2,1,0,1,2,4,2,2,3,0,0,2,1
548,2,3,1,4,4,1,0,4,1,4,3,2,1,1,1
549,1,4,1,2,1,3,2,0,4,3,4,1,2,1,3
550,2,2,0,1,4,1,2,1,2,2,1,1,3,4,4
551,2,1,0,0,1,0,4,3,4,0,2,2,0,4,1
552,4,1,0,3,4,1,4,2,4,3,4,3,3,0,3
553,2,1,3,2,2,0,3,2,3,2,0,2,2,2,4
554,4,3,4,1,3,2,4,4,2,3,0,3,1,0,1
555,3,3,1,0,4,4,0,2,2,3,4,3,2,2,4
556,3,2,1,3,3,1,1,3,4,2,4,4,0,4,1
557,2,2,4,1,0,1,2,0,1,1,2,3,4,0,3
558,1,3,4,3,4,3,3,0,2,2,1,0,3,3,0
559,2,3,1,3,2,1,4,1,3,3,0,1,1,1,0
560,2,3,2,4,2,1,4,3,1,3,0,3,1,2,0
561,1,1,3,3,4,4,1,0,2,2,2,1,4,0,1
562,1,2,0,1,3,2,2,4,3,2,0,2,2,4,3
563,4,4,1,4,3,4,0,3,3,1,3,1,1,1,1
564,4,4,4,0,3,1,0,1,1,4,0,1,2,2,1
565,3,0,4,3,0,0,0,0,0,3,1,3,4,3,2
566,2,2,3,3,3,2,0,2,4,4,0,0,3,2,0
567,0,0,4,4,2,1,1,2,2,1,3,0,3,2,1
568,1,1,2,4,0,1,3,3,1,4,4,1,2,1,4
569,1,3,1,2,1,2,1,4,2,2,1,4,3,4,1
570,4,2,4,1,3,0,3,3,2,1,2,2,4,2,0
571,3,2,0,0,3,3,1,1,1,3,3,0,2,0,0
572,4,3,4,2,4,2,1,0,1,4,1,0,3,0,0
573,4,3,3,2,0,1,1,3,0,1,0,3,4,4,4
574,1,3,1,3,4,4,3,0,0,3,1,1,1,2,0
575,0,3,4,2,4,1,4,2,3,4,2,1,2,1,4
576,1,4,0,2,0,4,1,4,3,2,3,0,4,0,0
577,4,1,1,3,3,3,2,3,0,1,2,0,4,1,4
578,2,4,4,4,2,3,4,3,1,3,3,4,0,4,2
579,3,4,3,1,2,4,3,2,2,0,1,0,0,4,0
580,2,4,2,4,4,0,4,0,1,4,1,4,1,3,3
581,0,2,4,0,4,3,1,3,4,3,3,3,0,3,4
582,2,2,4,1,0,4,3,1,0,4,1,3,3,0,2
583,2,1,4,0,2,0,0,4,1,1,3,0,4,3,3
584,4,0,4,0,3,4,3,0,0,4,0,4,0,0,0
585,1,4,2,3,2,0,1,2,4,4,1,4,4,0,4
586,4,1,3,3,3,0,1,2,4,3,4,0,2,0,0
587,2,1,2,2,3,4,0,4,0,1,2,1,2,4,1
588,1,2,1,0,3,0,2,3,1,1,4,4,1,3,0
589,0,4,2,3,3,0,3,3,4,0,0,3,1,2,2
590,0,4,1,2,1,3,0,1,2,3,4,4,2,3,0
591,1,2,2,1,2,0,4,0,3,2,4,1,3,3,2
592,1,4,4,0,2,1,0,0,1,2,4,1,0,0,1
593,1,2,4,4,2,1,1,3,4,4,2,4,4,1,1
594,4,4,4,0,0,4,4,2,4,4,0,4,4,1,0
595,0,0,1,3,2,3,2,4,4,4,2,3,3,2,0
596,2,1,2,3,4,0,3,2,2,3,0,4,4,4,1
597,0,0,0,1,1,2,1,0,3,2,2,2,4,3,2
598,2,3,3,0,1,2,1,2,4,0,3,3,0,2,4
599,3,4,2,3,4,1,0,1,3,0,3,0,3,3,4
600,3,4,4,0,0,2,2,0,3,2,1,3,3,1,1
601,4,4,0,0,1,2,1,3,1,0,1,1,0,2,3
602,3,2,1,0,1,3,3,4,0,3,0,3,0,2,0
603,3,0,4,4,1,3,3,0,1,2,3,3,2,2,0
604,0,4,3,2,2,2,0,1,0,3,3,0,0,3,2
605,1,0,1,2,1,2,3,4,1,0,4,3,1,4,4
606,2,3,2,1,0,4,2,4,4,4,0,2,0,4,0
607,1,2,4,0,1,0,2,4,1,4,2,2,4,4,1
608,1,4,2,4,4,2,2,4,1,2,0,4,0,0,2
609,2,0,1,4,0,3,4,1,0,4,1,1,0,0,0
610,4,3,0,0,0,4,3,0,2,3,1,4,3,2,4
611,0,4,1,2,1,0,2,4,0,0,4,0,0,2,4
612,3,4,0,0,2,4,0,4,2,3,1,3,2,2,2
613,4,1,1,0,1,3,1,4,1,2,4,3,0,3,2
614,4,1,1,3,3,1,4,1,0,3,0,1,0,4,1
615,3,2,2,1,1,0,3,2,0,2,1,0,4,2,3
616,4,1,0,3,1,2,4,1,0,3,1,0,4,2,3
617,3,3,4,0,3,2,4,3,4,3,4,0,3,2,3
618,2,2,3,3,2,1,3,1,4,4,4,3,1,3,0
619,0,1,4,1,0,3,1,2,0,1,2,2,1,3,2
620,0,4,0,3,1,1,0,2,0,3,2,3,3,0,2
621,0,0,0,3,1,0,0,0,4,0,4,0,1,0,4
622,0,0,1,1,2,1,1,1,4,2,3,2,2,3,3
623,0,0,0,2,3,2,3,2,4,2,2,1,0,0,3
624,0,1,2,2,3,4,1,0,3,0,2,4,0,0,0
625,2,1,3,0,4,1,4,2,1,3,3,4,0,0,2
626,4,2,1,2,3,2,4,2,2,0,4,2,1,2,4
627,4,3,4,4,4,2,1,3,4,2,3,3,2,2,3
628,2,2,2,4,0,4,3,3,2,3,3,4,4,2,4
629,4,1,4,2,1,1,2,2,2,1,0,3,2,0,0
630,3,2,1,3,3,0,2,1,3,0,4,4,4,3,1
631,4,1,2,0,0,3,2,3,1,3,1,1,4,3,0
632,2,2,2,3,3,3,3,0,0,2,3,1,2,0,3
633,4,0,0,1,1,3,2,0,2,3,0,1,1,4,0
634,3,2,3,2,0,0,0,4,3,3,2,3,0,3,3
635,3,3,1,3,0,3,4,4,1,0,3,3,1,4,3
636,4,2,3,2,3,2,1,4,4,3,0,0,1,0,0
637,1,2,3,2,4,3,0,2,1,1,1,4,3,4,4
638,4,3,4,0,2,2,4,3,4,2,2,0,4,4,3
639,0,2,2,1,1,3,0,2,4,4,3,4,4,1,2
640,1,0,3,0,3,1,0,1,1,3,0,4,4,3,1
641,0,1,0,0,3,4,1,0,4,2,3,0,4,3,3
642,2,2,3,4,0,2,2,4,0,3,3,4,1,4,4
643,2,0,0,4,4,1,4,1,4,4,2,2,0,3,1
644,0,1,3,3,0,2,0,3,2,2,4,0,4,0,4
645,1,1,2,3,2,0,4,3,4,1,0,2,1,0,3
646,2,2,1,2,2,4,3,0,3,4,1,3,3,2,3
647,0,0,4,4,1,3,1,4,3,2,0,1,0,4,3
648,3,1,0,1,2,2,0,0,4,0,4,4,3,2,1
649,4,1,4,4,3,3,4,4,1,0,3,1,2,3,1
650,1,2,1,1,2,4,2,0,2,0,4,3,1,0,4
651,1,3,4,2,3,2,0,4,2,3,2,4,2,3,1
652,0,2,3,2,3,1,2,1,2,3,2,2,0,0,0
653,3,3,0,4,4,0,1,1,4,1,1,1,1,3,0
654,4,0,0,1,2,3,2,1,2,1,0,2,3,0,4
655,4,3,2,4,2,1,2,3,4,3,1,2,4,1,1
656,4,3,4,2,4,0,3,1,3,4,0,3,1,3,2
657,3,4,1,0,4,1,4,3,1,4,4,0,2,3,3
658,2,0,0,3,2,0,3,2,4,3,4,1,4,4,2
659,1,3,2,3,0,3,4,0,3,4,4,3,1,1,2
660,2,4,4,4,0,4,3,1,0,1,0,1,0,2,4
661,2,4,2,3,1,1,4,1,2,3,4,2,4,3,2
662,4,3,3,1,3,1,4,2,3,0,1,2,0,1,3
663,1,3,2,2,2,4,0,4,4,4,0,2,4,4,1
664,4,2,4,0,1,4,3,3,4,2,2,4,1,4,4
665,2,2,2,0,4,3,0,2,3,4,1,3,2,4,1
666,0,3,3,2,3,4,3,4,4,1,0,4,4,1,2
667,2,2,2,4,4,1,1,1,1,3,4,2,1,3,2
668,0,1,3,0,0,4,4,1,4,4,2,1,4,0,3
669,1,1,2,3,2,4,0,1,1,3,3,4,4,4,2
670,1,4,0,2,3,1,3,1,0,2,0,0,3,1,3
671,1,1,1,0,1,2,1,0,3,3,0,3,2,2,3
672,2,3,4,3,0,2,3,0,0,0,2,4,2,3,1
673,3,2,1,3,0,4,2,3,1,4,4,3,3,4,0
674,3,0,0,3,4,3,3,1,0,4,3,4,2,3,4
675,1,2,4,1,2,3,3,2,4,3,4,3,0,0,2
676,0,0,4,1,0,3,0,2,0,2,3,4,4,2,3
677,2,1,1,1,0,2,1,4,4,3,4,2,0,1,1
678,0,4,3,1,2,3,0,2,0,2,0,0,1,3,3
679,4,4,0,3,3,3,2,0,0,1,4,3,3,0,0
680,2,3,4,0,0,2,4,1,0,1,2,4,3,1,0
681,1,2,1,0,2,2,3,1,2,3,0,4,2,2,4
682,1,2,3,0,4,2,4,0,2,4,4,3,3,3,0
683,2,1,2,2,2,3,3,0,2,1,3,4,2,1,0
684,3,1,0,3,0,4,2,3,1,2,4,3,3,3,2
685,1,3,0,1,3,0,2,2,2,2,1,0,1,1,0
686,3,4,2,2,3,0,2,0,3,4,3,1,4,4,3
687,0,0,0,2,4,4,3,1,2,4,3,3,1,4,0
688,1,4,1,0,1,1,3,3,4,3,1,2,2,3,2
689,2,3,1,2,3,1,2,4,4,0,0,0,4,3,3
690,3,0,4,1,3,1,1,3,4,4,3,3,3,3,3
691,3,1,4,1,3,4,1,4,0,1,3,3,0,4,3
692,4,3,4,3,1,1,3,1,4,4,3,3,0,3,1
693,2,3,4,4,0,0,0,1,4,4,0,4,1,4,2
694,2,3,1,1,2,2,1,1,0,1,3,2,3,2,3
695,3,2,2,2,3,2,0,4,3,3,3,2,0,2,1
696,3,3,3,1,1,4,4,0,2,0,2,3,4,2,2
697,1,1,3,4,1,4,2,0,0,1,2,2,2,3,4
698,2,1,0,4,2,0,2,3,3,2,2,3,4,4,2
699,0,4,4,3,2,1,1,0,1,1,2,2,3,2,0
700,0,0,2,3,1,0,3,1,4,0,3,1,1,1,0
701,1,2,2,3,4,0,1,2,4,0,4,1,1,2,2
702,2,1,2,2,0,1,2,3,4,1,1,0,0,4,1
703,0,4,4,4,2,3,0,3,0,4,1,3,0,0,4
704,0,3,0,3,2,1,1,3,2,3,4,1,4,1,3
705,2,4,0,2,2,1,3,0,3,0,3,4,1,0,2
706,0,1,3,1,3,0,3,4,3,4,0,0,1,4,1
707,4,4,1,2,1,4,3,2,1,4,2,1,2,0,1
708,3,0,4,1,2,0,2,0,1,3,4,4,0,0,4
709,1,0,3,2,2,4,4,2,4,3,0,3,1,3,4
710,0,4,0,1,0,2,0,4,2,0,2,0,0,3,1
711,1,2,4,0,2,1,4,3,1,1,3,0,1,3,2
712,4,0,1,4,1,1,4,4,3,4,2,1,1,4,3
713,1,0,3,3,2,3,4,2,2,4,4,1,2,0,2
714,3,0,3,4,3,3,2,0,1,0,4,0,1,4,4
715,4,0,2,1,1,0,4,2,4,3,2,0,4,3,3
716,1,1,4,3,3,2,0,1,2,1,0,1,1,0,4
717,3,4,4,4,1,3,4,4,2,3,0,2,1,4,3
718,0,2,3,1,3,2,0,4,2,2,4,4,4,3,3
719,1,2,1,3,1,1,3,3,4,3,3,3,0,3,1
720,4,3,1,0,4,3,4,0,3,2,2,2,0,2,1
721,2,3,4,3,0,3,4,2,1,2,3,3,0,0,1
722,3,0,4,2,0,4,3,1,2,4,2,0,2,3,0
723,4,3,0,1,0,4,2,4,3,0,3,3,2,0,4
724,3,3,2,3,1,4,4,2,4,4,0,2,0,3,1
725,3,0,2,3,0,3,2,4,3,0,0,4,4,4,1
726,1,1,2,2,4,4,0,4,2,1,1,3,2,1,2
727,0,1,2,3,1,4,4,4,2,1,2,0,3,1,0
728,0,4,4,0,2,1,2,2,0,3,3,3,1,4,0
729,1,0,1,0,3,3,1,1,4,0,1,1,4,0,2
730,3,0,4,4,3,4,0,2,2,4,0,2,4,4,3
731,3,2,1,3,3,4,0,2,1,4,3,1,0,0,4
732,2,1,1,2,1,4,2,4,4,4,3,3,1,3,2
733,1,0,1,4,0,1,2,0,4,2,2,2,4,2,1
734,2,3,3,1,3,1,4,2,4,0,2,4,2,3,4
735,1,3,4,1,2,0,0,2,4,3,2,4,4,1,1
736,1,4,3,1,3,3,0,0,4,2,0,0,1,2,1
737,3,0,4,1,3,3,0,0,0,2,4,0,1,0,2
738,4,3,4,4,2,2,4,0,4,3,0,3,0,1,0
739,4,2,1,3,2,3,0,0,2,0,3,3,0,1,2
740,0,1,0,1,4,0,2,0,2,4,2,0,4,3,4
741,0,4,3,1,1,1,4,0,0,3,0,1,4,2,0
742,0,1,4,4,0,1,4,0,1,0,4,0,0,1,3
743,4,4,3,2,0,1,1,0,0,3,3,0,2,0,2
744,0,3,2,3,0,3,1,1,0,2,0,0,4,0,4
745,1,1,0,1,0,2,0,2,2,3,2,4,1,0,2
746,2,3,1,0,3,2,4,4,3,3,4,4,3,1,0
747,1,0,3,4,4,0,1,3,1,4,3,4,3,4,2
748,1,3,3,4,1,3,0,4,4,3,2,2,1,0,0
749,2,2,3,4,4,0,2,0,1,1,4,4,1,4,4
750,3,0,2,1,0,4,3,1,1,3,2,2,2,4,3
751,4,1,0,0,1,2,4,3,4,0,3,0,1,1,1
752,1,0,2,1,0,4,4,0,1,3,1,0,4,2,2
753,0,1,2,4,4,3,3,0,3,3,4,2,4,1,4
754,0,0,4,1,2,2,4,1,2,1,2,3,2,0,2
755,3,1,3,4,4,2,1,1,3,4,2,4,2,4,2
756,4,4,2,0,3,2,0,0,0,0,1,0,1,1,4
757,3,3,0,1,3,0,1,1,2,3,2,2,3,3,4
758,3,0,0,1,4,1,0,2,1,2,1,4,1,0,1
759,3,3,0,1,4,1,3,4,2,1,3,1,0,2,3
760,1,2,1,0,1,1,0,1,1,4,2,3,3,1,2
761,2,0,3,2,0,1,4,2,0,3,1,4,1,3,3
762,1,2,0,4,2,1,2,1,0,0,1,1,3,0,4
763,2,3,3,2,4,1,2,2,0,0,4,3,2,3,0
764,4,0,4,1,3,3,0,0,3,2,4,0,3,4,0
765,4,0,0,2,2,0,3,0,1,3,3,2,4,4,1
766,0,0,4,2,3,2,2,1,2,4,2,4,4,2,1
767,3,1,4,4,4,2,4,0,4,2,2,2,1,4,0
768,0,3,0,3,3,4,2,3,4,4,0,4,1,3,2
769,1,4,0,4,4,2,4,1,3,3,2,1,3,4,0
770,1,3,3,0,3,3,1,0,2,1,4,1,2,3,4
771,4,2,4,0,3,0,2,0,3,1,2,0,3,0,4
772,3,1,2,2,3,3,4,3,4,3,4,4,2,3,2
773,2,0,0,1,4,0,2,1,4,3,0,3,3,1,2
774,4,3,3,0,0,1,3,2,2,3,0,3,0,3,4
775,4,4,4,4,1,3,4,1,3,2,1,0,1,2,1
776,2,4,2,2,4,3,0,1,2,1,4,0,3,3,0
777,2,2,4,0,4,2,4,4,1,1,4,0,3,4,1
778,4,4,3,2,0,3,4,0,0,0,2,2,4,3,2
779,1,2,0,2,0,4,0,1,3,2,0,2,1,4,1
780,1,1,3,4,1,0,2,2,4,4,2,3,2,0,0
781,2,3,4,0,0,3,1,0,3,0,4,1,1,2,3
782,0,2,4,0,1,1,0,0,4,3,0,0,3,4,3
783,3,2,3,2,1,4,0,1,0,0,2,3,3,2,0
784,1,2,0,1,4,0,2,2,0,2,3,0,1,2,1
785,3,1,2,4,4,1,0,4,4,2,2,2,0,1,0
786,0,3,1,0,1,0,4,0,0,4,4,3,0,0,1
787,4,4,2,2,3,3,2,0,3,3,0,4,0,4,1
788,0,1,2,4,2,1,2,2,3,0,0,4,1,2,3
789,2,1,2,2,4,2,2,3,2,3,0,0,1,2,1
790,2,1,1,2,1,1,0,3,4,4,3,1,0,0,2
791,3,3,4,4,2,2,0,2,1,3,4,2,3,1,1
792,0,1,4,3,1,2,1,1,1,0,1,0,3,4,0
793,1,2,4,1,2,2,4,2,4,1,0,0,4,0,0
794,4,2,2,4,2,1,4,1,1,0,4,2,4,1,4
795,2,3,0,1,3,4,2,3,1,2,4,3,4,4,1
796,0,0,2,2,4,1,0,1,3,2,3,4,4,0,4
797,2,1,0,2,1,1,2,0,1,2,1,0,1,2,1
798,4,2,1,4,1,0,0,1,0,3,0,2,2,0,0
799,4,2,2,1,4,3,0,1,4,4,1,1,2,0,0
800,0,0,1,2,0,0,2,1,1,3,1,2,3,2,1
801,3,3,4,0,2,4,2,0,1,2,2,2,0,3,1
802,1,0,2,4,1,2,0,4,3,1,0,3,1,4,0
803,2,2,2,2,1,0,1,4,1,2,2,2,1,4,3
804,0,2,1,1,2,4,0,1,2,0,4,1,4,3,0
805,4,3,4,4,3,2,2,2,4,2,1,3,2,3,4
806,4,2,2,1,3,1,2,2,4,3,2,3,3,1,4
807,0,3,2,1,0,3,0,3,0,2,4,2,4,2,3
808,3,1,1,0,2,4,4,0,2,4,1,0,4,1,3
809,4,0,2,2,0,4,0,2,0,0,3,4,2,4,0
810,3,4,3,0,0,2,2,1,1,2,4,4,3,4,2
811,2,2,4,0,2,4,3,2,2,2,3,3,4,4,2
812,3,4,0,4,0,2,2,3,1,2,4,2,4,0,1
813,3,0,4,1,4,3,3,2,4,3,1,3,3,0,2
814,4,1,2,2,4,4,1,4,3,2,3,3,0,0,2
815,0,4,0,2,1,2,2,1,3,0,2,1,0,3,4
816,4,3,2,4,0,0,3,2,0,4,2,1,0,0,4
817,4,0,1,2,0,4,4,0,2,1,0,0,4,2,4
818,0,0,4,4,4,2,1,1,1,4,1,2,3,4,1
819,0,3,4,2,1,3,0,4,4,1,3,3,2,1,0
820,4,1,1,2,4,4,2,4,2,0,1,3,3,3,0
821,4,4,2,0,3,1,4,0,2,1,4,0,3,3,3
822,4,1,4,0,3,2,0,2,0,3,1,0,4,4,0
823,3,4,0,3,1,2,2,0,0,3,0,3,2,0,4
824,3,0,4,4,1,1,1,0,2,4,1,0,1,0,1
825,1,0,1,4,4,1,1,3,4,1,1,1,1,2,1
826,2,2,1,4,2,1,3,2,4,3,2,1,0,1,4
827,0,2,3,1,1,3,2,2,3,4,1,0,2,4,1
828,4,0,0,4,2,2,2,3,2,1,1,3,0,4,1
829,1,2,0,2,0,4,0,2,2,2,4,2,1,1,1
830,1,4,3,0,1,3,1,0,3,4,4,0,4,4,4
831,1,2,1,1,0,0,4,1,1,4,3,4,2,2,4
832,4,2,1,0,4,1,4,2,0,4,3,4,4,1,2
833,4,1,3,0,1,2,2,2,4,2,4,4,3,0,4
834,0,4,1,2,0,1,1,2,1,2,4,1,0,0,3
835,0,2,2,0,4,1,1,2,2,0,3,3,3,3,1
836,1,3,0,4,0,4,4,2,3,0,4,3,2,3,2
837,4,4,2,1,0,0,3,2,4,3,3,1,4,0,1
838,4,0,0,3,2,1,0,3,2,0,3,4,1,1,3
839,2,0,1,1,1,1,1,3,1,0,1,4,4,3,1
840,2,1,3,4,0,3,2,2,1,1,0,0,0,1,3
841,4,3,4,0,4,2,4,2,3,4,3,1,3,3,0
842,3,3,1,3,1,1,0,2,1,4,1,0,0,4,2
843,2,2,4,3,4,1,1,4,4,2,1,1,0,2,2
844,1,0,3,0,3,0,3,2,4,4,3,0,2,1,0
845,0,2,0,2,1,0,4,3,1,2,4,0,2,3,3
846,3,1,2,0,0,4,4,1,2,2,1,4,3,4,0
847,3,0,3,3,2,0,4,3,0,3,0,4,3,1,2
848,4,3,2,2,0,2,0,0,1,4,3,2,0,2,2
849,1,2,0,4,4,4,2,2,3,0,1,3,2,4,2
850,3,3,4,4,0,3,4,1,2,1,2,2,0,3,0
851,3,4,1,3,1,1,2,0,4,2,1,0,4,4,2
852,3,4,1,2,2,1,3,0,0,0,2,0,2,2,2
853,2,3,2,0,4,3,2,3,0,1,1,0,3,1,3
854,1,3,0,4,4,2,3,3,4,2,4,3,4,3,4
855,2,1,0,4,2,4,4,0,3,3,0,2,0,2,2
856,2,3,0,2,2,2,1,4,4,1,1,0,3,3,0
857,4,2,3,1,4,0,0,3,3,3,2,2,1,2,4
858,2,2,4,1,0,1,4,2,2,0,3,4,1,4,0
859,4,3,4,1,4,1,1,1,2,1,4,0,1,4,2
860,2,4,4,2,2,3,4,2,2,1,4,4,1,1,0
861,1,1,3,2,4,1,0,0,4,4,2,0,4,2,2
862,2,0,3,1,2,1,2,1,2,2,4,1,1,2,3
863,3,3,4,0,0,4,1,3,1,3,2,4,3,2,0
864,0,4,0,3,4,0,3,3,1,1,2,0,3,1,3
865,2,4,0,0,0,0,3,4,4,4,1,0,2,2,4
866,4,3,2,3,2,0,1,4,4,4,1,4,3,0,3
867,2,4,0,2,1,2,2,0,1,4,0,4,1,4,2
868,0,4,0,4,3,4,4,4,3,0,3,0,2,3,1
869,0,2,0,0,1,4,4,2,2,2,2,1,3,0,1
870,4,4,2,4,0,3,4,2,3,1,3,1,3,0,2
871,0,0,0,2,0,2,2,0,0,2,4,2,2,3,1
872,3,2,2,3,3,4,0,1,4,2,4,3,3,3,2
873,3,3,3,4,0,2,1,1,4,3,0,2,2,3,0
874,1,2,3,1,1,1,1,4,1,3,4,3,3,2,1
875,3,2,0,2,0,2,2,4,4,1,2,3,4,3,0
876,1,0,2,3,1,1,2,4,3,0,4,0,4,1,1
877,3,0,3,3,3,2,1,4,3,3,3,3,2,0,3
878,3,0,2,4,1,1,3,1,2,4,0,1,2,1,3
879,3,2,3,1,2,2,3,3,2,1,4,2,1,4,0
880,2,3,4,3,2,3,3,1,4,1,0,4,4,2,2
881,4,0,2,0,1,0,2,0,1,4,3,1,4,1,2
882,4,0,2,4,4,2,4,4,4,0,2,3,1,4,3
883,0,2,0,3,3,0,4,2,1,2,3,2,0,4,4
884,3,1,4,2,1,2,4,4,2,4,0,1,0,1,1
885,0,1,0,3,2,2,0,1,3,4,3,2,3,2,2
886,2,3,2,3,2,3,0,2,2,4,1,3,3,0,4
887,3,4,0,2,4,3,4,3,4,0,0,4,2,0,0
888,4,3,3,2,0,0,1,2,0,4,1,4,0,4,0
889,4,0,1,3,0,3,2,4,2,4,2,1,4,3,4
890,2,1,2,0,2,3,1,3,0,4,2,4,4,4,1
891,3,0,1,3,1,1,3,2,1,0,4,0,0,0,0
892,0,4,3,0,2,3,4,3,1,1,0,0,1,0,2
893,2,4,1,3,1,4,1,2,2,0,2,0,2,2,1
894,2,4,1,0,4,3,2,2,4,3,4,2,3,1,0
895,3,4,0,4,4,4,4,1,1,1,2,0,3,2,3
896,0,0,0,4,3,4,1,1,3,0,1,0,3,2,4
897,0,1,2,1,3,1,3,0,2,3,0,0,4,2,2
898,4,0,0,0,0,1,3,2,2,1,3,1,3,2,0
899,0,0,3,1,0,1,2,1,0,3,1,3,3,2,3
900,0,3,2,1,1,3,0,1,1,3,2,0,0,3,3
901,1,4,0,1,2,3,3,0,4,2,1,0,0,0,3
902,1,2,2,4,4,3,0,0,4,0,1,3,1,0,2
903,1,4,4,0,3,3,2,1,0,2,2,3,2,2,1
904,0,4,0,2,2,0,1,0,3,3,3,4,3,1,1
905,4,4,0,3,0,1,1,0,1,1,4,3,2,4,4
906,4,3,3,3,4,3,2,4,1,1,0,2,0,3,3
907,3,0,1,0,4,0,1,2,1,2,1,0,0,2,1
908,1,1,4,2,4,3,4,4,0,3,0,2,0,4,0
909,2,1,3,2,4,0,0,1,2,4,1,4,1,4,2
910,3,3,2,0,3,4,2,3,1,2,1,1,4,1,0
911,4,4,0,4,4,3,4,4,2,4,1,4,0,4,1
912,2,2,2,3,4,0,1,1,3,4,1,0,4,4,4
913,2,0,4,0,0,2,2,1,4,4,1,0,1,4,1
914,1,0,2,0,0,1,1,3,4,2,4,0,3,3,0
915,0,2,1,4,1,0,1,1,4,2,3,4,0,4,0
916,3,1,2,0,2,1,4,3,0,0,0,3,3,0,3
917,2,1,1,1,4,0,4,1,2,1,1,0,2,2,0
918,0,1,3,3,2,1,4,0,3,3,0,3,3,2,1
919,4,0,1,3,1,1,2,3,4,3,1,3,2,2,0
920,1,4,3,0,3,3,1,3,2,4,3,2,3,1,2
921,1,1,4,0,3,0,1,2,0,4,1,3,2,3,1
922,4,0,3,0,4,1,4,3,3,1,3,0,3,1,0
923,3,2,0,2,3,0,1,0,3,1,1,2,2,3,1
924,1,2,1,2,4,3,3,4,4,4,2,1,4,0,1
925,1,1,1,0,0,3,4,1,4,1,0,4,0,4,0
926,1,2,3,4,4,3,0,3,0,4,2,4,2,2,4
927,2,1,1,4,2,2,1,3,3,0,3,2,0,0,3
928,4,1,2,4,3,3,0,4,4,4,2,0,1,2,4
929,1,1,4,2,0,4,4,3,2,2,4,1,1,0,3
930,0,1,3,1,2,4,1,1,4,4,1,3,0,3,4
931,4,4,3,2,4,4,0,0,4,1,0,1,4,3,2
932,1,1,0,2,3,0,2,3,2,2,3,1,0,1,4
933,4,0,4,2,3,2,0,4,4,1,1,4,1,3,0
934,3,1,0,3,3,3,4,1,3,3,0,3,1,3,1
935,1,3,3,4,0,2,0,2,2,0,0,0,0,3,4
936,3,2,0,3,3,2,3,2,1,4,3,2,4,0,2
937,0,0,0,3,3,4,4,4,3,3,1,4,2,2,2
938,3,3,4,3,2,2,3,1,2,4,3,1,3,4,2
939,2,1,2,0,4,4,1,1,0,4,2,2,1,2,3
940,0,4,1,1,0,2,0,3,2,3,0,4,3,3,3
941,0,2,4,0,4,4,1,3,1,0,4,0,2,3,2
942,0,1,4,1,3,0,3,4,4,0,1,1,1,1,3
943,0,4,3,3,3,0,0,3,1,2,0,3,2,0,3
944,0,2,3,4,3,1,1,3,1,1,4,3,1,4,4
945,3,0,1,2,2,3,3,2,1,0,4,0,4,0,0
946,1,1,2,2,2,3,2,1,3,3,3,1,1,4,2
947,0,2,2,2,4,0,0,4,1,2,0,3,0,4,1
948,1,4,1,4,4,4,3,2,2,4,0,1,1,3,2
949,2,1,0,0,2,0,1,4,1,4,0,0,4,4,1
950,3,4,0,1,2,3,4,4,2,4,1,4,1,3,2
951,2,3,2,4,1,1,4,3,4,4,0,1,3,0,3
952,4,3,1,3,0,4,3,1,1,1,3,4,3,4,4
953,0,3,1,2,0,2,1,0,3,3,2,1,1,3,1
954,0,3,4,1,4,4,3,1,0,1,0,2,1,4,0
955,0,3,1,4,4,2,2,4,2,3,2,4,3,0,2
956,3,4,0,3,4,4,0,4,2,4,4,4,4,4,2
957,4,2,3,2,2,0,4,0,4,1,3,0,3,3,1
958,0,3,1,2,1,4,2,1,0,1,4,4,2,3,1
959,3,3,2,0,0,2,2,0,3,3,0,3,2,0,2
960,3,4,4,2,0,1,3,2,3,4,3,1,0,0,4
961,3,4,1,2,2,1,2,2,2,2,3,0,1,1,0
962,0,0,1,0,3,3,4,4,1,1,2,3,2,2,3
963,4,1,4,3,2,0,1,2,4,3,0,0,0,3,3
964,4,2,4,3,2,3,4,2,0,2,3,2,0,2,0
965,2,1,1,1,1,1,0,0,4,2,2,3,0,3,2
966,3,3,4,3,2,4,4,2,3,3,0,1,0,2,1
967,4,2,1,3,0,4,3,4,1,0,1,2,1,0,1
968,2,4,3,0,0,3,4,1,0,1,1,0,1,1,2
969,0,0,4,2,1,1,2,2,2,0,2,2,2,3,1
970,1,1,0,2,2,1,0,3,2,1,3,2,2,1,4
971,1,3,1,1,3,0,2,1,4,1,0,2,1,3,2
972,3,0,2,1,3,3,2,2,0,4,3,3,0,2,4
973,3,3,3,0,3,3,4,3,3,2,1,1,3,4,3
974,0,4,1,4,0,2,4,1,0,1,3,4,2,0,1
975,3,0,3,1,0,2,2,1,4,3,3,1,2,1,2
976,3,3,3,4,3,0,4,4,2,1,4,4,4,4,0
977,3,3,3,2,3,1,2,0,1,4,3,3,4,3,4
978,2,2,0,4,1,0,3,1,2,2,2,0,1,0,0
979,0,1,1,3,4,0,1,3,3,4,1,2,0,4,3
980,1,3,2,4,4,2,3,0,1,1,2,4,0,2,2
981,3,2,1,4,1,1,3,4,1,2,3,3,4,2,0
982,2,2,3,0,0,4,0,2,4,0,3,4,0,4,4
983,4,4,3,4,2,4,3,0,1,2,1,0,3,2,2
984,0,4,2,3,1,2,3,4,1,1,2,4,3,1,2
985,2,0,4,2,1,1,1,2,3,2,2,0,3,4,0
986,0,2,2,0,0,1,3,1,1,2,1,3,3,0,0
987,2,1,4,4,0,1,4,1,2,4,2,1,3,3,3
988,1,3,0,0,1,3,2,1,1,4,0,2,4,3,3
989,2,1,1,2,1,3,2,4,4,1,1,0,0,0,0
990,4,0,2,4,2,4,0,4,2,1,2,1,2,0,3
991,4,3,2,4,3,3,2,0,3,4,1,4,1,3,4
992,1,0,1,0,3,1,4,1,1,2,0,1,0,2,1
993,1,4,2,2,3,0,0,4,4,3,3,3,1,3,1
994,0,1,4,2,1,0,1,0,2,0,2,2,3,4,3
995,2,3,0,3,4,4,3,4,0,3,4,1,1,3,1
996,0,1,4,1,4,3,0,0,0,3,2,2,3,1,3
997,2,4,3,1,2,2,2,1,3,1,1,2,1,2,4
998,0,2,2,2,0,4,4,1,4,1,1,0,2,0,3
999,4,2,2,0,1,3,3,0,3,4,0,2,3,0,3
1000,2,3,3,1,3,0,2,1,3,4,0,3,0,4,3
